ID,书名,收价,原价,日文名,sid,备注,cover
BED-011,她們沉淪的那一刻…。 無修正,,,彼女が堕ちるまで…。,2725531,,
DAV-001,幾日 無修正版,,,幾日,3031667,,
DAV-003,戀愛樣本 無修正,180,320,レンアイサンプル,3031715,,
DAV-005,Love me tender -溫柔地愛著我- 無修正,185,320,ラブミーテンダー,3032968,,
DAV-008,黏膜 無修正,173,320,粘膜,3038615,,
DAV-012,閃亮亮 無修正,192,320,きらきら,3035824,,
DAV-013,糖果雨滴 無修正,160,320,キャンディドロップ,3035826,,
DAV-015,濃情巧克力 無修正,173,350,ショコラ,3035828,,
DAV-017,朦朧之間的浪漫 無修正,192,320,夢現ロマンティック,3040293,,
DAV-018,主僕狂熱 無修正,280,340,主従えくすたしー,3032937,,
DAV-020,春與青 無修正,180,320,春と青,3039986,,
DAV-027,打造壞壞小心機＋ 無修正,250,350,アザトメイキング＋,3034345,,
DAV-028,丹【A-KA】,160,350,丹,2044586,,
DAV-035,NON VIRGIN 平裝版 無修正,190,400,NON VIRGIN,3032295,,
DAV-041,Temptation 無修正,180,350,てんぷてーしょん,3031339,,
DAV-042,惡作劇調情 無修正,180,320,イタズラトーク,3031336,,
DAV-049,揮灑熱浪♥ 無修正,,350,シコスプラッシュ♥,3035591,,
DAV-059,謝謝招待 無修正,,350,ごちそうさま,3040297,,
DAV-060,花 flowers 無修正,,350,花 flowers,3041137,,
DAV-091,色氣無極限！ 無修正,,320,むちゃエロっ！,3495413,,
DAV-092,棉花糖和焦糖 無修正,,350,わたあめとカラメル,3495410,,
DAV-095,歐派520！ 無修正,,380,パイらびゅ,3693345,,
DAV-096,在精靈之森邂逅真愛的獨身獵人♡ 無修正,,360,独身ハンターの出逢いはエルフの森で♡,3693351,,
FDA-015,我是嬌小魅魔的忠實僕人 無修正,170,300,僕は小さな淫魔のしもべ,2783714,,
FDA-015,我是嬌小魅魔的忠實僕人 無修正,156,300,僕は小さな淫魔のしもべ,2783714,,
FDA-016,【缺】Knospenmadchen-花蕊少女- 無修正,250,280,Knospenmadchen,2778350,,
FDA-016,【缺】Knospenmadchen-花蕊少女- 無修正,224,280,Knospenmadchen,2778350,,
FDA-017,女友會習慣SEX的緣由 無修正,168,280,彼女がセックスに慣れてるワケ,2064310,,
FDA-021,BorderLine -情愛境界線- 無修正,170,300,BorderLine,2200174,,
FDA-022,奇怪的處女也沒關係是嗎? 無修正,160,300,ヘンな処女でもいいですか？,2129573,,
FDA-023,【缺】人妻體驗生活 無修正,,300,ヒトヅマライフ,2787547,,
FDA-024,青葉之戀 無修正,180,300,アオラブ,1712049,,
FDA-026,快感遊戲錄 無修正,192,350,快感遊戯録,1707391,,
FDA-030,永世流轉 無修正【再版】,180,320,永世流転,2785447,,
FDA-032,君至彼方、已非吾能企及 無修正,230,350,遠い君に、僕は届かない,1923600,,
FDA-034,性春進行式 無修正,168,280,おもいろは,1815005,,
FDA-042,歡迎光臨咖啡永遠娘！ 無修正,180,320,カフェエターナルへようこそ！,2129575,,
FDA-043,背德的翁草 無修正,,300,オキナグサ,2477984,,
FDA-048,神鬼妖怪桃花緣 無修正,180,320,あやかしえにし,2368941,,
FDA-049,【缺】娑婆現世的嬌小狐妻 無修正※限購一本,,350,うつし世とおさなづま,2524182,,
FDA-058,【缺】永世流轉Ⅱ 無修正※限購一本,,350,永世流轉 Ⅱ,3159956,,
FDH-013,輕柔即溶彼女。,130,250,ふわとろ彼女。,2785582,,
FDH-018,【缺】人狼教室,220,250,人狼教室,2790732,,
FDH-021,【缺】慾情．青春【已再版】,140,300,エロ．ピッピ,2785458,,
FDH-034,【缺】耐不住慾火焚身。 無修正,220,250,したくなっちゃった。,2069579,,
FDH-041,假正經的好色巨乳眼鏡娘們 無修正,150,250,真面目でメガネなおっぱい達,2795636,,
FDH-043,蜂蜜後宮女學院♡體驗入學 無修正,137,250,ハーレム女学院 体験入学,2013955,,
FDH-046,卡拉OK包廂內隔壁JC2人組的亂入即插入 無修正,137,250,カラオケボックスで隣のJC2人組と乱入即ハメ,2209604,,
FDH-047,在職護理師的性事情 無修正,160,250,働く看護師の性事情,1950938,,
FDH-048,敗給歐金金並沉淪其中的女孩子們 無修正,137,250,おち○ちんに負けてしまった女の子たち,1711737,,
FDH-053,把玩妳綿軟歐派並含入口中品嘗 無修正,137,250,きみのおっぱいをしゃぶりたい,1763500,,
FDH-055,Please！Freeze！Please！-圖書室三人的祕密情事- 無修正,180,320,Please！Freeze！Please！,2172281,2024年12月04日再版：FDH-091,
FDH-056,好色發情JK包圍網 無修正,160,250,エチエチJK包囲網,2185655,,
FDH-057,慾情．青春 無修正【再版】,180,320,エロ・ピッピ,2785458,,
FDH-059,異世界轉移的家裡蹲歐吉桑把帥哥勇者隊伍中的所有女性成員調教成為後宮奴隸了。 無修正,137,250,異世界転移した子供部屋おじさんがモテモテ主人公の取り巻き女全員をチ〇ポ奴隷にしてやりました。,1967447,,
FDH-061,我與後宮女僕們♥不可告人的情事 無修正,157,250,ハーレムメイドのダメダメ・えっち,2013956,,
FDH-063,思春少女拒絕不了 無修正,210,250,女の子は断れない,2055371,,
FDH-067,女子校生學援～與學生交易的教師們～ 無修正,210,320,じぇいえす学援～生徒を買う教師達～,2788769,,
FDH-081,靠我的精液本復快癒!! 無修正 一般版,,450,僕の精液で本復快癒!!,2772970,,
IAH-001,【缺】翻雲覆雨俏姊妹 2020再版,100,250,ヤッて姉妹ました,799334,,
IAH-013,【缺】契與結的方程式【已再版】,180,350,契と結の方程式,2099449,,
IAH-020-1,女子棍球社！ 2 Years Later 再版,150,300,じょしラク！ 2 Years Later,2257232,,
IAH-022,魔劍的姬士,110,250,魔剣の姫士,1862288,,
IAH-024,【缺】女子棍球社！ ～2 Years Later～2※預定再版,150,300,じょしラク！ ～2 Years Later～2,2257234,,
IAH-026,【缺】女子棍球社！ 新裝版※預定再版,250,450,じょしラク！ 新裝版,2254255,2022年09月27日再版：IAH-103,
IAH-028,戀糸記念日 新装版,240,400,恋糸記念日 新装版,3638718,,
IAH-032,不認識的女孩子們大量出現在我房裡!,140,250,知らない女たちがいっぱい部屋にいた！,2074174,,
IAH-038,終極・歐ー派,180,250,ぱい・はーど,2057311,,
IAH-043,強制播種直達電車,173,320,強制種付けエクスプレス,2015029,,
IAH-046,＃至今為止感覺最棒的一次做愛,100,250,＃今までで一番良かったセックス,3707442,,
IAH-047,轉學到離島後寄宿家庭內超色情的困擾,180,320,離島へ転校したらホストファミリーがドスケベで困る,2015201,,
IAH-048,啪啪作樂♥軟玉溫香．好色穴,157,300,ぱんぱん♥やわらか・えっち穴,2060023,,
IAH-052,奉侍種族不請自來了!,168,280,奉仕種族がやってきた！,2071502,,
IAH-056,我家女友身上最為誘人的所在,320,500,カノジョのいちばんスケベなトコロ,1970351,,
IAH-060,初戀時間。,178,380,初恋時間。,2915412,,
IAH-064,精靈新嫁娘～Standard Edition～,175,400,エルフの嫁入り,3215226,原版：IAH-019,
IAH-065,新婚妻的眷戀,154,280,こころのこり,1953717,,
IAH-066,【缺】為愛融化乃乙女本色※限購一本,,280,蕩けるカラダは乙女色,2224518,,
IAH-067,魅魔精源開發公司,157,320,サキュバスカンパニー,2242267,,
IAH-070,若妻花滿開,168,280,若妻ざかり,2031739,,
IAH-081,珍愛歐派 徹底迷上了我的大奶奶？,,350,らぶぱい 私のおっぱい好きですか？,2210486,,
IAH-089,女子棍球社！ ～2 Years Later～4,170,300,じょしラク！～2 Years Later～ 4,2243595,,
IAH-096,滿溢而出絕肉胸器！,170,300,たっぷりヒメゴト！,2368940,,
IAH-110,淚水、沾濕臉頰的戀情 特裝版,,450,頬、濡らすように恋をして,2619955,,
IAH-115,家裡有位喜歡作怪的幽靈先生 特裝版,,350,うちには幽霊さんがいます 特裝版,2803399,,
IAH-128,甜蜜蜜女友的誘惑 特裝版,,350,ハニーテンプテーション 特装版,3099695,,
KRE-006,詩織老師是正太小♡雞的育成專家 無修正,,330,しおり先生はおち○ちんの育て屋さん,2790746,,
WAN-004,情愛指導調教 無修正,,320,わからせラブ,2474381,,
暮想出版,雪花飄落戀情加溫| 波乗かもめ,,,,3313448,,
日版,マンマンちょうだい~義母さんは同級生~,,,マンマンちょうだい~義母さんは同級生~,1262653,,
日版,はぁれむ合宿 エッチな自由研究しよっ,,,はぁれむ合宿 エッチな自由研究しよっ,3596770,,
日版,Fxxk Street Girls,,,Fxxk Street Girls,2576019,,
日版,彼女の妹は肉食系ギャル,,,彼女の妹は肉食系ギャル,3559562,,
日版,人妻Aさんと息子の友人Nくん,,,人妻Aさんと息子の友人Nくん,1229288,,
日版,ちょっと美人で胸がデカくてエロいだけのバカ姉ぇ,,,ちょっと美人で胸がデカくてエロいだけのバカ姉ぇ,2190396,,
日版,王様アプリ,,,王様アプリ,3083186,,
日版,催眠夫婦仲調査,,,催眠夫婦仲調査,1590256,,
日版,ナマナカ。,,,ナマナカ。,315284,,
日版,ノラネコ少女との暮らしかた 4,,,ノラネコ少女との暮らしかた 4,3620348,,
日版,ボクの母ちゃんと俺のママ,,,ボクの母ちゃんと俺のママ,3134000,,
日版,教祖サマの作り方,,,教祖サマの作り方,2795182,,
日版,糸を撚る,,,糸を撚る,2766708,,
日版,筆おろしハーレム大乱交,,,筆おろしハーレム大乱交,1948443,,
日版,それは歴史にカかないでっ!,,,それは歴史にカかないでっ!,403752,,
日版,みみロリ犯シアム,,,みみロリ犯シアム,1549497,,
日版,AZUS@TTACK5,,,AZUS@TTACK5,1368241,,
日版,AZUS@TTACK4,,,AZUS@TTACK4,1297659,,
日版,AZUS@TTACK3,,,AZUS@TTACK3,714536,,
日版,AZUS@TTACK,,,AZUS@TTACK,573395,,
日版,AZUS@TTACK2,,,AZUS@TTACK2,518195,,
日版,AZUS@ttack Remake,,,AZUS@ttack Remake,2119873,,
日版,Feel Good Onega,,,Feel Good Onega,1709272,,
日版,CL-orc02 ぱこフレ,,,CL-orc02 ぱこフレ,2294077,,
日版,CL-orc01 あねざんまい,,,CL-orc01 あねざんまい,1513093,,
日版,mio onduty,,,mio onduty,476475,,
日版,Girls & GoblinSlayer,,,Girls & GoblinSlayer,1423976,,
日版,tastyui2 (To LOVEる ダークネス),,,tastyui2 (To LOVEる ダークネス),651430,,
日版,鬼レムノエロほん (Re:ゼロから始める異世界生活),,,鬼レムノエロほん (Re:ゼロから始める異世界生活),1297661,,
日版,りりすぱ,,,りりすぱ,3558816,,
日版,妄想レールガン (とある科学の超電磁砲),,,妄想レールガン (とある科学の超電磁砲),1670916,,
日版,ノラネコ少女との暮らしかた 3,,,ノラネコ少女との暮らしかた 3,3620335,,
日版,ノラネコ少女との暮らしかた 2,,,ノラネコ少女との暮らしかた 2,1838856,,
日版,ノラネコ少女との暮らしかた ,,,ノラネコ少女との暮らしかた ,1838807,,
日版,ハメフェス,,,ハメフェス,728546,,
日版,童貞専科,,,童貞専科,1328466,,
日版,正しい性教育。,,,正しい性教育。,500168,,
日版,近親交姦家族♥,,,近親交姦家族♥,1095506,,
日版,いつでもどこでもおねショタSEX◇,,,いつでもどこでもおねショタSEX◇,2390059,,
日版,合体!ナマハメ家族♡,,,合体!ナマハメ家族♡,1645965,,
日版,でぃーエッチ！～ひもろぎ百嫁語～,,,でぃーエッチ！～ひもろぎ百嫁語～,426507,,
日版,マイ・ディア・メイド,,,マイ・ディア・メイド,3084209,,
日版,エリザ様ご用心!!,,,エリザ様ご用心!!,1910158,,
日版,ふくらみかけな少女の絵本,,,ふくらみかけな少女の絵本,1159444,,
日版,オタク友達とのセックスは最高に気持ちいい,,,オタク友達とのセックスは最高に気持ちいい,2755079,,
日版,血姫夜交-真祖の姫は発情しているっ！,,,血姫夜交-真祖の姫は発情しているっ！,3100633,,
日版,[DOLL PLAY (黒巣ガタリ)] 聖華女学院高等部公認竿おじさん 総集編,,,[DOLL PLAY (黒巣ガタリ)] 聖華女学院高等部公認竿おじさん 総集編,3000648,封面图非对应图片，实际为3人版本封面,聖華女学院高等部公認竿おじさん総集編.png
日版,超絶美少年の友達と一緒にオナニーしてたらいつの間にかシテた,,,超絶美少年の友達と一緒にオナニーしてたらいつの間にかシテた,2161281,,
日版,搾精ダンジョン攻略に向かない地味子のS級ドスケベステータス,,,搾精ダンジョン攻略に向かない地味子のS級ドスケベステータス,1907568,,
日版,Sweet Snow,,,Sweet Snow,2949085,,
日版,Secret Beach,,,Secret Beach,1545797,,
日版,エミちゃん2,,,エミちゃん2,1885336,,
日版,ワイルド式日本人妻の寝取り方 総集編,,,ワイルド式日本人妻の寝取り方 総集編,2342296,,
日版,オレのかわいい生意気でビッチな男の娘,,,オレのかわいい生意気でビッチな男の娘,857775,封面不一致,
日版,電気あんまの万駄木さんの姉,,,電気あんまの万駄木さんの姉,1634808,,
日版,アフターフェスティバル,,,アフターフェスティバル,858013,,
日版,電気あんまの万駄木さんの姉,,,電気あんまの万駄木さん,1561350,,
日版,淫乱少年 謎のビッチショタとおっさんの物語 VOL.3,,,淫乱少年 謎のビッチショタとおっさんの物語 VOL.3,2302304,,
日版,Precious Gift,,,Precious Gift,1605074,,
日版,明石のあったかいの,,,明石のあったかいの,1245768,,
日版,MY LITTLE ROCK ST☆R (けいおん!),,,MY LITTLE ROCK ST☆R (けいおん!),572209,,
日版,Summer Of Love,,,Summer Of Love,415445,,
日版,あおいとなおちゃん～たのしい男の娘援交～,,,あおいとなおちゃん～たのしい男の娘援交～,1533594,封面不一致,
日版,ある夏の少女の絵本,,,ある夏の少女の絵本 ,1079975,,
日版,とある冬の少女の絵本,,,とある冬の少女の絵本,1079980,,
日版,恋愛禁止の勇者パーティーに向かない地味子のS級ドスケベステータス,,,恋愛禁止の勇者パーティーに向かない地味子のS級ドスケベステータス,2296615,,
日版,淫乱少年 謎のビッチショタとおっさんの物語 VOL.2,,,淫乱少年 謎のビッチショタとおっさんの物語 VOL.2,1290543,,
日版,姉ちゃんにまかしとけっ!!,,,姉ちゃんにまかしとけっ!!,1558463,,
日版,カテキョ先のロリツインテがビッチな上にSに目覚めてこまる,,,カテキョ先のロリツインテがビッチな上にSに目覚めてこまる,3765140,,
日版,×堕ち,,,×堕ち,1722023,,
日版,ちびっこ銭湯こすこすえっち! DYNAMITE,,,ちびっこ銭湯こすこすえっち! DYNAMITE,2004682,,
日版,SUPERちびっこ銭湯えっち!～日焼けメスガキと奇跡のロリ巨乳～,,,SUPERちびっこ銭湯えっち!～日焼けメスガキと奇跡のロリ巨乳～,1973253,,
日版,ちびっこ銭湯えっち乱,,,ちびっこ銭湯えっち乱,1886536,,
日版,ちびっこ温泉ぱーく激えっち!,,,ちびっこ温泉ぱーく激えっち!,2060064,,
日版,宇崎ちゃん母娘ズはスケベしたい!,,,宇崎ちゃん母娘ズはスケベしたい!,2202543,,
日版,EL TORO (イジらないで、長瀞さん),,,EL TORO (イジらないで、長瀞さん),2266046,,
日版,悠久の娼エルフ3「夢幻」前編,,,悠久の娼エルフ3「夢幻」前編,1913638,,
日版,かぐや様の縁結び (かぐや様は告らせたい),,,かぐや様の縁結び (かぐや様は告らせたい),1995039,,
日版,ぬきむぎ (けいおん!),,,ぬきむぎ (けいおん!),434581,,
日版,射精管理制度の無い県から来た男の先生,,,射精管理制度の無い県から来た男の先生,1634082,,
日版,とろかし上手の高木さん + それでも歩はハメてくる (からかい上手の高木さん、それでも歩は寄せてくる),,,とろかし上手の高木さん + それでも歩はハメてくる (からかい上手の高木さん、それでも歩は寄せてくる),1628290,,
日版,ちびっこまーけっと (たまこまーけっと),,,ちびっこまーけっと (たまこまーけっと),671143,,
日版,いじくり上手の高木さん (からかい上手の高木さん),,,いじくり上手の高木さん (からかい上手の高木さん),1628287,,
日版,まこちゃん開発日記,,,まこちゃん開発日記,1664346,,
日版,まこちゃん開発日記2～寝取られ…偽りの初体験～,,,まこちゃん開発日記2～寝取られ…偽りの初体験～,1837020,,
日版,うらむぎ (けいおん！) ,,,うらむぎ (けいおん！) ,2037667,,
日版,宇崎ちゃん母娘ズはスケベしたい! (宇崎ちゃんは遊びたい!),,,宇崎ちゃん母娘ズはスケベしたい! (宇崎ちゃんは遊びたい!),2224637,,
日版,小野塚先輩はわるいひと,,,小野塚先輩はわるいひと,3301989,,
日版,メスガキリナちゃん VOL. 2,,,メスガキリナちゃん VOL. 2,3183177,,
日版,LITTLE GIRL LUNA,,,LITTLE GIRL LUNA,,,LITTLEGIRLLUNA.jpg
日版,ようこそ莉子&梨花のオトコノコご奉仕♂バスガイドツアー,,,ようこそ莉子&梨花のオトコノコご奉仕♂バスガイドツアー,2672731,,
日版,ぷちっとアイドル合法性交撮影 (アイドルマスター シンデレラガールズ),,,ぷちっとアイドル合法性交撮影 (アイドルマスター シンデレラガールズ),3330111,,
日版,メスガキリナちゃん VOL.1,,,メスガキリナちゃん VOL.1,2825533,,
买动漫,我是嬌小淫魔的僕人 總集篇,,,僕は小さな淫魔のしもべ総集編,2962360,,
日版,聖華女学院高等部公認竿おじさん2,,,聖華女学院高等部公認竿おじさん2,1477697,,
日版,全部君のせいだ。II,,,全部君のせいだ。II,1686760,,
买动漫, 全部都是你的錯。II,,,全部君のせいだ。II,3595320,,
日版,甘みるく-サキュママと夏休み-,,,甘みるく-サキュママと夏休み-,3630350,,
日版,聖華女学院高等部公認竿おじさん,,,聖華女学院高等部公認竿おじさん,,,
日版,リリィスパイス,,,リリィスパイス,1489219,,
日版,全部都是你的錯。I,,,全部君のせいだ。I,2252274,,
日版,全部都是你的錯。I,,,全部君のせいだ。I,2252274,,
日版,ちびっこビーチえっち!～日焼けガキビッチとぺど妹ちゃん,,,ちびっこビーチえっち!～日焼けガキビッチとぺど妹ちゃん,3043213,,
日版,血姫夜交2 変態スライムなんかに負けるわけないっ!,,,血姫夜交2 変態スライムなんかに負けるわけないっ!,2930561,,
日版,orico. -オリ娘。-,,,orico. -オリ娘。-,2299246,,
日版,先生がエロすぎてようちえん留年しそうな件,,,先生がエロすぎてようちえん留年しそうな件,3498452,,
日版,先生がエロすぎてようちえん留年しそうな件,,,先生がエロすぎてようちえん留年しそうな件,3498452,,
日版,甘リリス,,,甘リリス,3630401,,
买动漫,全部都是你的錯。III,,,全部君のせいだ。III,2496083,,
日版,全部君のせいだ。III,,,全部君のせいだ。III,2113219,,
日版,僕は小さな淫魔のしもべ総集編,,,僕は小さな淫魔のしもべ総集編,2185093,,
日版,けだまとめ (東方Project),,,けだまとめ (東方Project),3631318,,
日版,オトメオアシス,,,オトメオアシス,3297168,,
日版,百合も歩けば棒に当たる!,,,百合も歩けば棒に当たる!,3667803,封面不一致,
日版,ひみつのともだち,,,ひみつのともだち,3559876,,
日版, [クロエ出版(くずのもくず)]TSメスオチ研究部! -童貞だったオレが女になって●●アプリでビッチになっちゃった話-,,, [クロエ出版(くずのもくず)]TSメスオチ研究部! -童貞だったオレが女になって●●アプリでビッチになっちゃった話-,,,TSメスオチ研究部.png
日版,セックスの約束,,,セックスの約束,3629768,,
日版,AZUS@ttack6,,,AZUS@ttack6,2779988,,
日版,AZUS@TTACK,,,AZUS@TTACK,573395,,
买动漫,全部都是你的錯。總集篇EXTRA,,,全部都是你的錯。總集篇EXTRA,3597138,,
日版,ごめんなさい主さま (プリンセスコネクト!Re:Dive),,,ごめんなさい主さま (プリンセスコネクト!Re:Dive),3614065,,
日版,媚食殿 (プリンセスコネクト!Re:Dive),,,媚食殿 (プリンセスコネクト!Re:Dive),3613451,,
日版,クロムちゃんの夏休み ～セミおじさん編～,,,クロムちゃんの夏休み ～セミおじさん編～,2308026,,
日版,39℃の微熱 (東方Project),,,39℃の微熱 (東方Project),1014491,,
日版,ようこそるるむ牧場,,,ようこそるるむ牧場,2453488,,
日版,遠隔授乳アプリのある世界,,,遠隔授乳アプリのある世界,2822445,,
日版,omakedama.2,,,omakedama.2,3048052,,
日版,C102おまけ本 夜間保育,,,C102おまけ本 夜間保育,2744910,,
日版,白衣の淫魔,,,白衣の淫魔,3276960,,
写真,金子美穂純真無垢,,,金子美穂純真無垢,,,金子美穂純真無垢.jpg
写真,金子美穂 Part1 (世界のいもうと),,,金子美穂 Part1 (世界のいもうと),,,金子美穂-Part1-世界のいもうと.jpg
日版,メスガキリナちゃん VOL. 3,,,メスガキリナちゃん VOL. 3,3710913,,
日版,淫乱少年 謎のビッチショタとおっさんの物語 VOL.5,,,淫乱少年 謎のビッチショタとおっさんの物語 VOL.5,3806998,,
日版,N県T市R村の風習について,,,N県T市R村の風習について,3880287,,
日版,はだかぐらし祭,,,はだかぐらし祭,3464737,,
日版,はだかぐらし,,,はだかぐらし,2988857,,
日版,令和性教育実習革命!,,,令和性教育実習革命!,3842567,,
